{"cameraMode":{"drawMode":0,"name":"Shaded","section":"Shading Mode"},"sceneLighting":true,"audioPlay":false,"sceneViewState":{"showFog":true,"showMaterialUpdate":false,"showSkybox":true,"showFlares":true,"showImageEffects":true,"showParticleSystems":true},"in2DMode":false,"pivot":{"x":-0.06466111540794373,"y":-7.024979114532471,"z":13.32036304473877},"rotation":{"x":-0.3348113000392914,"y":0.005651005078107119,"z":-0.002007910283282399,"w":-0.9422661662101746},"size":22.0,"orthographic":false}