{"cameraMode":{"drawMode":0,"name":"Shaded","section":"Shading Mode"},"sceneLighting":false,"audioPlay":false,"sceneViewState":{"showFog":true,"showMaterialUpdate":false,"showSkybox":true,"showFlares":true,"showImageEffects":true,"showParticleSystems":true},"in2DMode":false,"pivot":{"x":400.1224670410156,"y":269.1539001464844,"z":-163.1461639404297},"rotation":{"x":-0.020374568179249765,"y":0.026386357843875886,"z":0.0005379331996664405,"w":0.9994440674781799},"size":239.96139526367188,"orthographic":false}