{"cameraMode":{"drawMode":0,"name":"Shaded","section":"Shading Mode"},"sceneLighting":false,"audioPlay":false,"sceneViewState":{"showFog":true,"showMaterialUpdate":false,"showSkybox":true,"showFlares":true,"showImageEffects":true,"showParticleSystems":true},"in2DMode":false,"pivot":{"x":-0.10336071252822876,"y":0.8337783813476563,"z":1.4114588499069214},"rotation":{"x":0.14150592684745789,"y":-0.8543086051940918,"z":0.3963806927204132,"w":0.3049839437007904},"size":2.3719866275787355,"orthographic":false}