{"cameraMode":{"drawMode":0,"name":"Shaded","section":"Shading Mode"},"sceneLighting":true,"audioPlay":false,"sceneViewState":{"showFog":true,"showMaterialUpdate":false,"showSkybox":true,"showFlares":true,"showImageEffects":true,"showParticleSystems":true},"in2DMode":false,"pivot":{"x":13.551080703735352,"y":2.6763153076171877,"z":12.305312156677246},"rotation":{"x":-0.2574681341648102,"y":0.10265495628118515,"z":-0.027519693598151208,"w":-0.9604243040084839},"size":30.342321395874025,"orthographic":false}