{"cameraMode":{"drawMode":0,"name":"Shaded","section":"Shading Mode"},"sceneLighting":false,"audioPlay":false,"sceneViewState":{"showFog":true,"showMaterialUpdate":false,"showSkybox":true,"showFlares":true,"showImageEffects":true,"showParticleSystems":true},"in2DMode":false,"pivot":{"x":0.0012657642364501954,"y":-0.002815842628479004,"z":0.008800342679023743},"rotation":{"x":-0.04017827287316322,"y":0.9595038890838623,"z":-0.20935013890266419,"w":-0.18414849042892457},"size":6.815179824829102,"orthographic":false}