{"cameraMode":{"drawMode":0,"name":"Shaded","section":"Shading Mode"},"sceneLighting":false,"audioPlay":false,"sceneViewState":{"showFog":true,"showMaterialUpdate":false,"showSkybox":true,"showFlares":true,"showImageEffects":true,"showParticleSystems":true},"in2DMode":false,"pivot":{"x":3.725290298461914e-8,"y":0.002762954216450453,"z":0.0},"rotation":{"x":0.32999587059020998,"y":-0.05603153258562088,"z":0.019626066088676454,"w":0.9421135783195496},"size":0.2868390381336212,"orthographic":false}