{"cameraMode":{"drawMode":0,"name":"Shaded","section":"Shading Mode"},"sceneLighting":false,"audioPlay":false,"sceneViewState":{"showFog":true,"showMaterialUpdate":false,"showSkybox":true,"showFlares":true,"showImageEffects":true,"showParticleSystems":true},"in2DMode":false,"pivot":{"x":-0.5550253391265869,"y":1.4847707748413087,"z":-2.7854318618774416},"rotation":{"x":-0.0005366060649976134,"y":0.9990485310554504,"z":0.04166523739695549,"w":0.012873672880232335},"size":6.815179824829102,"orthographic":false}