{"cameraMode":{"drawMode":0,"name":"Shaded","section":"Shading Mode"},"sceneLighting":false,"audioPlay":false,"sceneViewState":{"showFog":true,"showMaterialUpdate":false,"showSkybox":true,"showFlares":true,"showImageEffects":true,"showParticleSystems":true},"in2DMode":false,"pivot":{"x":-0.47571468353271487,"y":1.000439167022705,"z":-0.26098519563674929},"rotation":{"x":0.18844445049762727,"y":0.49168190360069277,"z":-0.10990891605615616,"w":0.8430051207542419},"size":1.657883882522583,"orthographic":false}