{"cameraMode":{"drawMode":0,"name":"Shaded","section":"Shading Mode"},"sceneLighting":false,"audioPlay":false,"sceneViewState":{"showFog":true,"showMaterialUpdate":false,"showSkybox":true,"showFlares":true,"showImageEffects":true,"showParticleSystems":true},"in2DMode":false,"pivot":{"x":420.2111511230469,"y":190.1227569580078,"z":0.133270263671875},"rotation":{"x":-0.03987123817205429,"y":0.007489099632948637,"z":0.0002988861524499953,"w":0.9991767406463623},"size":462.4408264160156,"orthographic":false}