{"cameraMode":{"drawMode":0,"name":"Shaded","section":"Shading Mode"},"sceneLighting":false,"audioPlay":false,"sceneViewState":{"showFog":true,"showMaterialUpdate":false,"showSkybox":true,"showFlares":true,"showImageEffects":true,"showParticleSystems":true},"in2DMode":false,"pivot":{"x":2.980232238769531e-7,"y":0.022847972810268403,"z":0.0},"rotation":{"x":0.32999587059020998,"y":-0.05603153258562088,"z":0.019626066088676454,"w":0.9421135783195496},"size":2.3719866275787355,"orthographic":false}