{"cameraMode":{"drawMode":0,"name":"Shaded","section":"Shading Mode"},"sceneLighting":false,"audioPlay":false,"sceneViewState":{"showFog":true,"showMaterialUpdate":false,"showSkybox":true,"showFlares":true,"showImageEffects":true,"showParticleSystems":true},"in2DMode":false,"pivot":{"x":-0.9743350148200989,"y":-2.9465386867523195,"z":-3.0851328372955324},"rotation":{"x":0.006319780368357897,"y":-0.007803419139236212,"z":0.000049429490900365636,"w":0.9999496340751648},"size":91.58128356933594,"orthographic":false}