{"cameraMode":{"drawMode":0,"name":"Shaded","section":"Shading Mode"},"sceneLighting":false,"audioPlay":false,"sceneViewState":{"showFog":true,"showMaterialUpdate":false,"showSkybox":true,"showFlares":true,"showImageEffects":true,"showParticleSystems":true},"in2DMode":false,"pivot":{"x":-0.6993322372436523,"y":0.6248209476470947,"z":-3.1057662963867189},"rotation":{"x":-0.01317934226244688,"y":-0.006303064990788698,"z":-0.00008296805754071102,"w":0.999893307685852},"size":136.09849548339845,"orthographic":false}