{"cameraMode":{"drawMode":0,"name":"Shaded","section":"Shading Mode"},"sceneLighting":false,"audioPlay":false,"sceneViewState":{"showFog":true,"showMaterialUpdate":false,"showSkybox":true,"showFlares":true,"showImageEffects":true,"showParticleSystems":true},"in2DMode":false,"pivot":{"x":-1.290909767150879,"y":-0.11259089410305023,"z":0.2689376771450043},"rotation":{"x":0.044757116585969928,"y":-0.7119899392127991,"z":0.04557019844651222,"w":0.6992786526679993},"size":2.3719866275787355,"orthographic":false}