{"cameraMode":{"drawMode":0,"name":"Shaded","section":"Shading Mode"},"sceneLighting":true,"audioPlay":false,"sceneViewState":{"showFog":true,"showMaterialUpdate":false,"showSkybox":true,"showFlares":true,"showImageEffects":true,"showParticleSystems":true},"in2DMode":false,"pivot":{"x":7.857665061950684,"y":-13.296433448791504,"z":15.906229972839356},"rotation":{"x":-0.2806558310985565,"y":-0.19913533329963685,"z":0.059644557535648349,"w":-0.9370272755622864},"size":70.03268432617188,"orthographic":false}