{"cameraMode":{"drawMode":0,"name":"Shaded","section":"Shading Mode"},"sceneLighting":false,"audioPlay":false,"sceneViewState":{"showFog":true,"showMaterialUpdate":false,"showSkybox":true,"showFlares":true,"showImageEffects":true,"showParticleSystems":true},"in2DMode":false,"pivot":{"x":0.20311623811721803,"y":-0.15436697006225587,"z":0.5159894227981567},"rotation":{"x":0.16788123548030854,"y":-0.8317552208900452,"z":0.3604362905025482,"w":0.38740792870521548},"size":1.4868390560150147,"orthographic":false}