{"cameraMode":{"drawMode":0,"name":"Shaded","section":"Shading Mode"},"sceneLighting":false,"audioPlay":false,"sceneViewState":{"showFog":true,"showMaterialUpdate":false,"showSkybox":true,"showFlares":true,"showImageEffects":true,"showParticleSystems":true},"in2DMode":false,"pivot":{"x":-5.073819160461426,"y":-11.812437057495118,"z":-27.57316780090332},"rotation":{"x":-0.02174186334013939,"y":0.970367431640625,"z":-0.22088776528835298,"w":-0.0955142229795456},"size":38.41927719116211,"orthographic":false}