{"cameraMode":{"drawMode":0,"name":"Shaded","section":"Shading Mode"},"sceneLighting":true,"audioPlay":false,"sceneViewState":{"showFog":true,"showMaterialUpdate":false,"showSkybox":true,"showFlares":true,"showImageEffects":true,"showParticleSystems":true},"in2DMode":false,"pivot":{"x":8.827695846557618,"y":16.786178588867189,"z":37.54990005493164},"rotation":{"x":-0.011371764354407788,"y":0.9506983757019043,"z":-0.3079131543636322,"w":-0.03511173650622368},"size":0.2868390381336212,"orthographic":false}