{"cameraMode":{"drawMode":0,"name":"Shaded","section":"Shading Mode"},"sceneLighting":true,"audioPlay":false,"sceneViewState":{"showFog":true,"showMaterialUpdate":false,"showSkybox":true,"showFlares":true,"showImageEffects":true,"showParticleSystems":true},"in2DMode":false,"pivot":{"x":13.094810485839844,"y":-6.206886291503906,"z":16.487838745117189},"rotation":{"x":-0.2503957748413086,"y":0.17455525696277619,"z":-0.04595177248120308,"w":-0.9511681795120239},"size":38.81450271606445,"orthographic":false}