{"cameraMode":{"drawMode":0,"name":"Shaded","section":"Shading Mode"},"sceneLighting":false,"audioPlay":false,"sceneViewState":{"showFog":true,"showMaterialUpdate":false,"showSkybox":true,"showFlares":true,"showImageEffects":true,"showParticleSystems":true},"in2DMode":false,"pivot":{"x":-5.2175469398498539,"y":-0.5145158767700195,"z":5.783945083618164},"rotation":{"x":0.3914888799190521,"y":-0.584959864616394,"z":0.38267916440963747,"w":0.5984271764755249},"size":11.654075622558594,"orthographic":false}