{"cameraMode":{"drawMode":0,"name":"Shaded","section":"Shading Mode"},"sceneLighting":false,"audioPlay":false,"sceneViewState":{"showFog":true,"showMaterialUpdate":false,"showSkybox":true,"showFlares":true,"showImageEffects":true,"showParticleSystems":true},"in2DMode":false,"pivot":{"x":0.13463759422302247,"y":-0.3050251007080078,"z":-0.008975997567176819},"rotation":{"x":-0.2560338079929352,"y":-0.12083792686462403,"z":0.03227679803967476,"w":-0.9585422277450562},"size":5.890629291534424,"orthographic":false}