{"cameraMode":{"drawMode":0,"name":"Shaded","section":"Shading Mode"},"sceneLighting":false,"audioPlay":false,"sceneViewState":{"showFog":true,"showMaterialUpdate":false,"showSkybox":true,"showFlares":true,"showImageEffects":true,"showParticleSystems":true},"in2DMode":false,"pivot":{"x":-1.591017246246338,"y":-0.4691600799560547,"z":1.0347731113433838},"rotation":{"x":0.05133233591914177,"y":-0.836334764957428,"z":0.539989173412323,"w":0.07950439304113388},"size":9.77265739440918,"orthographic":false}