{"cameraMode":{"drawMode":0,"name":"Shaded","section":"Shading Mode"},"sceneLighting":false,"audioPlay":false,"sceneViewState":{"showFog":true,"showMaterialUpdate":false,"showSkybox":true,"showFlares":true,"showImageEffects":true,"showParticleSystems":true},"in2DMode":false,"pivot":{"x":0.7774810791015625,"y":24.69426727294922,"z":-10.768531799316407},"rotation":{"x":-0.02161012776196003,"y":0.9407090544700623,"z":-0.06105247139930725,"w":-0.33297476172447207},"size":78.5566635131836,"orthographic":false}