{"cameraMode":{"drawMode":0,"name":"Shaded","section":"Shading Mode"},"sceneLighting":false,"audioPlay":false,"sceneViewState":{"showFog":true,"showMaterialUpdate":false,"showSkybox":true,"showFlares":true,"showImageEffects":true,"showParticleSystems":true},"in2DMode":false,"pivot":{"x":5.556697845458984,"y":2.909968137741089,"z":5.525873184204102},"rotation":{"x":0.47163692116737368,"y":-0.526772677898407,"z":0.4710656702518463,"w":0.527414858341217},"size":10.042860984802246,"orthographic":false}