{"cameraMode":{"drawMode":0,"name":"Shaded","section":"Shading Mode"},"sceneLighting":false,"audioPlay":false,"sceneViewState":{"showFog":true,"showMaterialUpdate":false,"showSkybox":true,"showFlares":true,"showImageEffects":true,"showParticleSystems":true},"in2DMode":false,"pivot":{"x":-0.2771981656551361,"y":1.524113416671753,"z":0.8885560035705566},"rotation":{"x":0.1754024773836136,"y":-0.033371660858392718,"z":0.005948977544903755,"w":0.9839131236076355},"size":6.1069254875183109,"orthographic":false}