{"cameraMode":{"drawMode":0,"name":"Shaded","section":"Shading Mode"},"sceneLighting":false,"audioPlay":false,"sceneViewState":{"showFog":true,"showMaterialUpdate":false,"showSkybox":true,"showFlares":true,"showImageEffects":true,"showParticleSystems":true},"in2DMode":false,"pivot":{"x":-0.47290998697280886,"y":-3.9816458225250246,"z":0.03229522705078125},"rotation":{"x":-0.0011799844214692712,"y":-0.004803632851690054,"z":-0.0000055571372286067348,"w":0.9999878406524658},"size":91.58128356933594,"orthographic":false}