{"cameraMode":{"drawMode":0,"name":"Shaded","section":"Shading Mode"},"sceneLighting":false,"audioPlay":false,"sceneViewState":{"showFog":true,"showMaterialUpdate":false,"showSkybox":true,"showFlares":true,"showImageEffects":true,"showParticleSystems":true},"in2DMode":false,"pivot":{"x":1.1505463123321534,"y":3.9258923530578615,"z":-16.541276931762697},"rotation":{"x":-0.00031862102332524955,"y":-0.0032872159499675037,"z":0.000001378528622808517,"w":-0.9999945759773254},"size":93.8708267211914,"orthographic":false}