{"cameraMode":{"drawMode":0,"name":"Shaded","section":"Shading Mode"},"sceneLighting":false,"audioPlay":false,"sceneViewState":{"showFog":true,"showMaterialUpdate":false,"showSkybox":true,"showFlares":true,"showImageEffects":true,"showParticleSystems":true},"in2DMode":false,"pivot":{"x":0.04774773120880127,"y":0.6233036518096924,"z":0.4549283981323242},"rotation":{"x":-0.17213945090770722,"y":-0.1055774912238121,"z":0.01855974644422531,"w":-0.9792226552963257},"size":5.890629291534424,"orthographic":false}