{"cameraMode":{"drawMode":0,"name":"Shaded","section":"Shading Mode"},"sceneLighting":false,"audioPlay":false,"sceneViewState":{"showFog":true,"showMaterialUpdate":false,"showSkybox":true,"showFlares":true,"showImageEffects":true,"showParticleSystems":true},"in2DMode":false,"pivot":{"x":0.06536058336496353,"y":0.714248776435852,"z":0.9368985295295715},"rotation":{"x":-0.00004427830936037935,"y":0.9999176263809204,"z":-0.012318332679569722,"w":-0.003614256391301751},"size":0.6112667322158814,"orthographic":false}