{"cameraMode":{"drawMode":0,"name":"Shaded","section":"Shading Mode"},"sceneLighting":false,"audioPlay":false,"sceneViewState":{"showFog":true,"showMaterialUpdate":false,"showSkybox":true,"showFlares":true,"showImageEffects":true,"showParticleSystems":true},"in2DMode":false,"pivot":{"x":0.20173166692256928,"y":1.2622566223144532,"z":1.5100440979003907},"rotation":{"x":0.031139478087425233,"y":-0.04827595502138138,"z":-0.0015060880687087775,"w":-0.9983474016189575},"size":6.741497039794922,"orthographic":false}