{"cameraMode":{"drawMode":0,"name":"Shaded","section":"Shading Mode"},"sceneLighting":true,"audioPlay":false,"sceneViewState":{"showFog":true,"showMaterialUpdate":false,"showSkybox":true,"showFlares":true,"showImageEffects":true,"showParticleSystems":true},"in2DMode":false,"pivot":{"x":-1.408470630645752,"y":-7.048744201660156,"z":2.6313464641571047},"rotation":{"x":-0.003918214701116085,"y":0.006611705292016268,"z":-0.000025831534003373235,"w":-0.9999704957008362},"size":92.32685852050781,"orthographic":false}