{"cameraMode":{"drawMode":0,"name":"Shaded","section":"Shading Mode"},"sceneLighting":false,"audioPlay":false,"sceneViewState":{"showFog":true,"showMaterialUpdate":false,"showSkybox":true,"showFlares":true,"showImageEffects":true,"showParticleSystems":true},"in2DMode":false,"pivot":{"x":10.024809837341309,"y":8.618607521057129,"z":7.079679489135742},"rotation":{"x":-0.15523791313171388,"y":-0.04236859455704689,"z":0.006664438638836145,"w":-0.986945629119873},"size":7.440845966339111,"orthographic":false}