{"cameraMode":{"drawMode":0,"name":"Shaded","section":"Shading Mode"},"sceneLighting":false,"audioPlay":false,"sceneViewState":{"showFog":true,"showMaterialUpdate":false,"showSkybox":true,"showFlares":true,"showImageEffects":true,"showParticleSystems":true},"in2DMode":false,"pivot":{"x":412.2366638183594,"y":209.5299835205078,"z":0.16613341867923737},"rotation":{"x":0.010815783403813839,"y":-0.0039049023762345316,"z":0.00004211382838548161,"w":0.9999339580535889},"size":434.6330871582031,"orthographic":false}