{"cameraMode":{"drawMode":0,"name":"Shaded","section":"Shading Mode"},"sceneLighting":false,"audioPlay":false,"sceneViewState":{"showFog":true,"showMaterialUpdate":false,"showSkybox":true,"showFlares":true,"showImageEffects":true,"showParticleSystems":true},"in2DMode":false,"pivot":{"x":5.521406650543213,"y":2.0542140007019045,"z":0.9670179486274719},"rotation":{"x":0.03224591910839081,"y":0.7063904404640198,"z":-0.03224761039018631,"w":0.7063518166542053},"size":8.879929542541504,"orthographic":false}