{"cameraMode":{"drawMode":0,"name":"Shaded","section":"Shading Mode"},"sceneLighting":false,"audioPlay":false,"sceneViewState":{"showFog":true,"showMaterialUpdate":false,"showSkybox":true,"showFlares":true,"showImageEffects":true,"showParticleSystems":true},"in2DMode":false,"pivot":{"x":268.4979248046875,"y":281.43707275390627,"z":-18.005401611328126},"rotation":{"x":-0.05211872234940529,"y":-0.039840102195739749,"z":-0.0020811648573726417,"w":0.9978437423706055},"size":400.97259521484377,"orthographic":false}