{"cameraMode":{"drawMode":0,"name":"Shaded","section":"Shading Mode"},"sceneLighting":false,"audioPlay":false,"sceneViewState":{"showFog":true,"showMaterialUpdate":false,"showSkybox":true,"showFlares":true,"showImageEffects":true,"showParticleSystems":true},"in2DMode":false,"pivot":{"x":1.2757681608200074,"y":-3.499825954437256,"z":-63.225765228271487},"rotation":{"x":0.007181456312537193,"y":0.0012126704677939416,"z":0.000009042941201187205,"w":-0.999973475933075},"size":32.988922119140628,"orthographic":false}