{"cameraMode":{"drawMode":0,"name":"Shaded","section":"Shading Mode"},"sceneLighting":false,"audioPlay":false,"sceneViewState":{"showFog":true,"showMaterialUpdate":false,"showSkybox":true,"showFlares":true,"showImageEffects":true,"showParticleSystems":true},"in2DMode":false,"pivot":{"x":-1.6001039743423463,"y":-0.7873082160949707,"z":-0.18993043899536134},"rotation":{"x":0.1681542545557022,"y":-0.6031074523925781,"z":0.1319672167301178,"w":0.7684856653213501},"size":2.3719866275787355,"orthographic":false}