{"cameraMode":{"drawMode":0,"name":"Shaded","section":"Shading Mode"},"sceneLighting":false,"audioPlay":false,"sceneViewState":{"showFog":true,"showMaterialUpdate":false,"showSkybox":true,"showFlares":true,"showImageEffects":true,"showParticleSystems":true},"in2DMode":false,"pivot":{"x":0.42999982833862307,"y":0.4300000071525574,"z":4.769999980926514},"rotation":{"x":0.36428582668304446,"y":0.39187580347061159,"z":-0.1726168990135193,"w":0.8270021677017212},"size":15.25303840637207,"orthographic":false}