{"cameraMode":{"drawMode":0,"name":"Shaded","section":"Shading Mode"},"sceneLighting":false,"audioPlay":false,"sceneViewState":{"showFog":true,"showMaterialUpdate":false,"showSkybox":true,"showFlares":true,"showImageEffects":true,"showParticleSystems":true},"in2DMode":false,"pivot":{"x":-9.266289710998536,"y":-10.315591812133789,"z":-25.529088973999025},"rotation":{"x":-0.04017827287316322,"y":0.9595038890838623,"z":-0.20935013890266419,"w":-0.18414849042892457},"size":38.41927719116211,"orthographic":false}