{"cameraMode":{"drawMode":0,"name":"Shaded","section":"Shading Mode"},"sceneLighting":true,"audioPlay":false,"sceneViewState":{"showFog":true,"showMaterialUpdate":false,"showSkybox":true,"showFlares":true,"showImageEffects":true,"showParticleSystems":true},"in2DMode":false,"pivot":{"x":10.365653038024903,"y":2.8803043365478517,"z":12.991308212280274},"rotation":{"x":-0.33679595589637759,"y":0.001975080231204629,"z":-0.0007062032236717641,"w":-0.9415753483772278},"size":22.850618362426759,"orthographic":false}