{"cameraMode":{"drawMode":0,"name":"Shaded","section":"Shading Mode"},"sceneLighting":true,"audioPlay":false,"sceneViewState":{"showFog":true,"showMaterialUpdate":false,"showSkybox":true,"showFlares":true,"showImageEffects":true,"showParticleSystems":true},"in2DMode":false,"pivot":{"x":1.0438779592514039,"y":8.33137321472168,"z":-1.027723789215088},"rotation":{"x":-0.44197848439216616,"y":-0.004846732597798109,"z":0.0023879283107817175,"w":-0.8970094323158264},"size":34.3158073425293,"orthographic":false}