{"cameraMode":{"drawMode":0,"name":"Shaded","section":"Shading Mode"},"sceneLighting":false,"audioPlay":false,"sceneViewState":{"showFog":true,"showMaterialUpdate":false,"showSkybox":true,"showFlares":true,"showImageEffects":true,"showParticleSystems":true},"in2DMode":false,"pivot":{"x":-0.09873366355895996,"y":0.06279921531677246,"z":0.008975684642791748},"rotation":{"x":-0.2560338079929352,"y":-0.12083792686462403,"z":0.03227679803967476,"w":-0.9585422277450562},"size":6.711520195007324,"orthographic":false}