{"cameraMode":{"drawMode":0,"name":"Shaded","section":"Shading Mode"},"sceneLighting":false,"audioPlay":false,"sceneViewState":{"showFog":true,"showMaterialUpdate":false,"showSkybox":true,"showFlares":true,"showImageEffects":true,"showParticleSystems":true},"in2DMode":false,"pivot":{"x":-0.1395399570465088,"y":0.7332894802093506,"z":-0.23419857025146485},"rotation":{"x":-0.024158906191587449,"y":0.9713510870933533,"z":-0.11300689727067948,"w":-0.20766057074069978},"size":5.406055450439453,"orthographic":false}