{"cameraMode":{"drawMode":0,"name":"Shaded","section":"Shading Mode"},"sceneLighting":false,"audioPlay":false,"sceneViewState":{"showFog":true,"showMaterialUpdate":false,"showSkybox":true,"showFlares":true,"showImageEffects":true,"showParticleSystems":true},"in2DMode":false,"pivot":{"x":436.1620788574219,"y":227.36734008789063,"z":-213.4908905029297},"rotation":{"x":-0.016818314790725709,"y":0.007180078886449337,"z":-0.00012124403292546049,"w":-0.999832808971405},"size":159.4614715576172,"orthographic":false}