{"cameraMode":{"drawMode":0,"name":"Shaded","section":"Shading Mode"},"sceneLighting":false,"audioPlay":false,"sceneViewState":{"showFog":true,"showMaterialUpdate":false,"showSkybox":true,"showFlares":true,"showImageEffects":true,"showParticleSystems":true},"in2DMode":false,"pivot":{"x":-0.05024385452270508,"y":-0.01819610595703125,"z":-1.9371509552001954e-7},"rotation":{"x":-0.15532270073890687,"y":0.7497755289077759,"z":-0.1894635111093521,"w":-0.614666759967804},"size":6.741497039794922,"orthographic":false}