{"cameraMode":{"drawMode":0,"name":"Shaded","section":"Shading Mode"},"sceneLighting":false,"audioPlay":false,"sceneViewState":{"showFog":true,"showMaterialUpdate":false,"showSkybox":true,"showFlares":true,"showImageEffects":true,"showParticleSystems":true},"in2DMode":false,"pivot":{"x":-0.028317928314208986,"y":-0.08971357345581055,"z":0.008975788950920105},"rotation":{"x":0.32203835248947146,"y":-0.013636317104101181,"z":0.004638856742531061,"w":0.946617066860199},"size":6.1069254875183109,"orthographic":false}