{"cameraMode":{"drawMode":0,"name":"Shaded","section":"Shading Mode"},"sceneLighting":false,"audioPlay":false,"sceneViewState":{"showFog":true,"showMaterialUpdate":false,"showSkybox":true,"showFlares":true,"showImageEffects":true,"showParticleSystems":true},"in2DMode":false,"pivot":{"x":6.551672458648682,"y":-0.2878659665584564,"z":26.848251342773439},"rotation":{"x":0.0011814935132861138,"y":0.008712654002010823,"z":0.000010623364687489811,"w":-0.9999613761901856},"size":132.36700439453126,"orthographic":false}