{"cameraMode":{"drawMode":0,"name":"Shaded","section":"Shading Mode"},"sceneLighting":false,"audioPlay":false,"sceneViewState":{"showFog":true,"showMaterialUpdate":false,"showSkybox":true,"showFlares":true,"showImageEffects":true,"showParticleSystems":true},"in2DMode":false,"pivot":{"x":-1.9626082181930543,"y":-0.6627464294433594,"z":1.6018261909484864},"rotation":{"x":0.09315986931324005,"y":-0.8162044286727905,"z":0.5534008145332336,"w":0.13740135729312898},"size":11.654075622558594,"orthographic":false}