{"cameraMode":{"drawMode":0,"name":"Shaded","section":"Shading Mode"},"sceneLighting":false,"audioPlay":false,"sceneViewState":{"showFog":true,"showMaterialUpdate":false,"showSkybox":true,"showFlares":true,"showImageEffects":true,"showParticleSystems":true},"in2DMode":false,"pivot":{"x":-0.14803171157836915,"y":1.9118595123291016,"z":0.7653326988220215},"rotation":{"x":-0.11162973195314408,"y":-0.10651860386133194,"z":0.012035729363560677,"w":-0.9879512786865234},"size":6.711520195007324,"orthographic":false}