{"cameraMode":{"drawMode":0,"name":"Shaded","section":"Shading Mode"},"sceneLighting":false,"audioPlay":false,"sceneViewState":{"showFog":true,"showMaterialUpdate":false,"showSkybox":true,"showFlares":true,"showImageEffects":true,"showParticleSystems":true},"in2DMode":false,"pivot":{"x":382.8554992675781,"y":225.6102294921875,"z":-163.53074645996095},"rotation":{"x":0.002116845455020666,"y":-0.009604855440557003,"z":0.000020355932065285742,"w":0.9999516606330872},"size":239.96139526367188,"orthographic":false}