{"cameraMode":{"drawMode":0,"name":"Shaded","section":"Shading Mode"},"sceneLighting":false,"audioPlay":false,"sceneViewState":{"showFog":true,"showMaterialUpdate":false,"showSkybox":true,"showFlares":true,"showImageEffects":true,"showParticleSystems":true},"in2DMode":false,"pivot":{"x":0.3785453736782074,"y":2.119328022003174,"z":-8.373886108398438},"rotation":{"x":-0.06417470425367356,"y":-0.0036114200484007599,"z":0.00023192180378828198,"w":-0.9979321360588074},"size":3.3164589405059816,"orthographic":false}