{"cameraMode":{"drawMode":0,"name":"Shaded","section":"Shading Mode"},"sceneLighting":false,"audioPlay":false,"sceneViewState":{"showFog":true,"showMaterialUpdate":false,"showSkybox":true,"showFlares":true,"showImageEffects":true,"showParticleSystems":true},"in2DMode":false,"pivot":{"x":0.1924075484275818,"y":-0.2774782180786133,"z":0.0019925832748413088},"rotation":{"x":-0.04017827287316322,"y":0.9595038890838623,"z":-0.20935013890266419,"w":-0.18414849042892457},"size":5.406055450439453,"orthographic":false}