{"cameraMode":{"drawMode":0,"name":"Shaded","section":"Shading Mode"},"sceneLighting":true,"audioPlay":false,"sceneViewState":{"showFog":true,"showMaterialUpdate":false,"showSkybox":true,"showFlares":true,"showImageEffects":true,"showParticleSystems":true},"in2DMode":false,"pivot":{"x":5.716466426849365,"y":3.458162307739258,"z":4.448019027709961},"rotation":{"x":0.43641218543052676,"y":-0.4249917268753052,"z":0.24600926041603089,"w":0.7539269924163818},"size":14.348082542419434,"orthographic":false}