{"cameraMode":{"drawMode":0,"name":"Shaded","section":"Shading Mode"},"sceneLighting":false,"audioPlay":false,"sceneViewState":{"showFog":true,"showMaterialUpdate":false,"showSkybox":true,"showFlares":true,"showImageEffects":true,"showParticleSystems":true},"in2DMode":false,"pivot":{"x":-0.25453877449035647,"y":-1.3980159759521485,"z":2.2860560417175295},"rotation":{"x":0.15311430394649507,"y":-0.8209996819496155,"z":0.48515835404396059,"w":0.2591078579425812},"size":7.192183494567871,"orthographic":false}