{"cameraMode":{"drawMode":0,"name":"Shaded","section":"Shading Mode"},"sceneLighting":false,"audioPlay":false,"sceneViewState":{"showFog":true,"showMaterialUpdate":false,"showSkybox":true,"showFlares":true,"showImageEffects":true,"showParticleSystems":true},"in2DMode":false,"pivot":{"x":-0.35482338070869448,"y":0.17760054767131806,"z":-0.12766768038272859},"rotation":{"x":0.35776060819625857,"y":0.2600956857204437,"z":-0.10446438193321228,"w":0.8907551765441895},"size":0.2868390381336212,"orthographic":false}