{"cameraMode":{"drawMode":0,"name":"Shaded","section":"Shading Mode"},"sceneLighting":false,"audioPlay":false,"sceneViewState":{"showFog":false,"showMaterialUpdate":false,"showSkybox":false,"showFlares":false,"showImageEffects":false,"showParticleSystems":false},"in2DMode":false,"pivot":{"x":-3.263397216796875,"y":-0.3382002115249634,"z":-0.22978155314922334},"rotation":{"x":-0.006968502886593342,"y":0.992383599281311,"z":-0.10308010131120682,"w":-0.067087821662426},"size":7.088639736175537,"orthographic":false}