{"cameraMode":{"drawMode":0,"name":"Shaded","section":"Shading Mode"},"sceneLighting":false,"audioPlay":false,"sceneViewState":{"showFog":false,"showMaterialUpdate":false,"showSkybox":false,"showFlares":false,"showImageEffects":false,"showParticleSystems":false},"in2DMode":false,"pivot":{"x":-1.0985641479492188,"y":0.6220045685768127,"z":-2.14418888092041},"rotation":{"x":0.0002816826163325459,"y":0.9994374513626099,"z":0.00868376437574625,"w":-0.03239307925105095},"size":7.088639736175537,"orthographic":false}