{"cameraMode":{"drawMode":0,"name":"Shaded","section":"Shading Mode"},"sceneLighting":true,"audioPlay":false,"sceneViewState":{"showFog":false,"showMaterialUpdate":false,"showSkybox":false,"showFlares":false,"showImageEffects":false,"showParticleSystems":false},"in2DMode":false,"pivot":{"x":9.505401611328125,"y":-13.932151794433594,"z":23.17085075378418},"rotation":{"x":-0.39449942111968996,"y":0.1992470622062683,"z":-0.08805128186941147,"w":-0.892702579498291},"size":36.49068832397461,"orthographic":false}