{"cameraMode":{"drawMode":0,"name":"Shaded","section":"Shading Mode"},"sceneLighting":false,"audioPlay":false,"sceneViewState":{"showFog":false,"showMaterialUpdate":false,"showSkybox":false,"showFlares":false,"showImageEffects":false,"showParticleSystems":false},"in2DMode":false,"pivot":{"x":-0.15617910027503968,"y":-1.1525099277496338,"z":-1.111236572265625},"rotation":{"x":0.04093075171113014,"y":0.9572873711585999,"z":-0.23001861572265626,"w":0.17034386098384858},"size":7.088639736175537,"orthographic":false}