{"cameraMode":{"drawMode":0,"name":"Shaded","section":"Shading Mode"},"sceneLighting":false,"audioPlay":false,"sceneViewState":{"showFog":false,"showMaterialUpdate":false,"showSkybox":false,"showFlares":false,"showImageEffects":false,"showParticleSystems":false},"in2DMode":false,"pivot":{"x":-0.16051402688026429,"y":0.36751067638397219,"z":-2.253584861755371},"rotation":{"x":-0.008028156124055386,"y":-0.9917638897895813,"z":0.10000941902399063,"w":-0.07961206883192063},"size":7.088639736175537,"orthographic":false}